Datetime,News Source,News author,News Headline,News Description,News URL,News content
2024-10-10 15:00,GlobeNewswire,Dickey’s Barbecue Restaurants,Celebrate National Pulled Pork Day with Dickey’s Barbecue,World’s largest barbecue brand offering $2.99 Pulled Pork Sandwiches online World’s largest barbecue brand offering $2.99 Pulled Pork Sandwiches online,https://www.globenewswire.com/news-release/2024/10/10/2961478/0/en/Celebrate-National-Pulled-Pork-Day-with-Dickey-s-Barbecue.html,"Dallas, TX, Oct. 10, 2024 (GLOBE NEWSWIRE) -- Celebrate National Pulled Pork Day with Dickeys Barbecue Pit, where pulled pork is a way of life.
On Saturday, October 12th, barbecue lovers across the … [+2840 chars]"
2024-10-22 00:21,New York Post,Fox News,Billy Crystal says sharing one ‘common goal’ led to 54-year marriage to ‘extraordinary’ wife,Crystal opened up about the key qualities and shared goals that have kept his marriage going strong over the years.,https://nypost.com/2024/10/21/entertainment/billy-crystal-says-sharing-one-common-goal-led-to-54-year-marriage-to-extraordinary-wife/,"Billy Crystal revealed the secrets behind his decades-long marriage to wife Janice.
The 76-year-old actor and the 75-year-old producer, who share daughters Jennifer, 51, and Lindsay, 46, have been m… [+7347 chars]"
2024-11-01 21:08,Business Insider,insider@insider.com (Jaures Yip),A satellite services company is up 31% after announcing Apple is taking a stake,"Apple is investing further in infrastructure for its satellite messaging features for iPhones, which enables texting without WiFi or cell service.",https://www.businessinsider.com/apple-invests-globalstar-stock-price-satellite-services-2024-11,"A satellite services company got a boost on Friday following its disclosure that Apple is taking a stake as part of a new investment deal.
Shares of Globalstar Inc. closed up over 31% on the news th… [+1460 chars]"
2024-10-24 14:53,Financial Post,The Associated Press,One Tech Tip: How to prepare your online accounts for when you die,"LONDON (AP) — Most people have accumulated a pile of data _ selfies, emails, videos and more — on their social media and digital accounts over their lifetimes. What happens to it when we die? It’s wise to draft a will spelling out who inherits your physical a…",https://financialpost.com/pmn/one-tech-tip-how-to-prepare-your-online-accounts-for-when-you-die,"Author of the article:
Article content
LONDON (AP) Most people have accumulated a pile of data _ selfies, emails, videos and more on their social media and digital accounts over their lifetimes. Wh… [+7460 chars]"
2024-10-10 15:41,Investing.com,Investing.com,Masimo Corp maintains stock target amid AAPL legal update,Masimo Corp maintains stock target amid AAPL legal update,https://www.investing.com/news/company-news/masimo-corp-maintains-stock-target-amid-aapl-legal-update-93CH-3658147,"On Thursday, Wells Fargo reaffirmed its Overweight rating on shares of Masimo Corp (NASDAQ:MASI) with a steady price target of $160.00. This follows the recent legal developments where a California f… [+3920 chars]"
2024-10-29 10:30,GlobeNewswire,Global Market Insights Inc.,"Compact Pick-Up Trucks Market to exceed $43.7 Bn by 2032, Says Global Market Insights Inc.","Major compact pick-up trucks market participants include Ashok Leyland, Tata Motors, General Motors Company, Dongfeng Motor Corporation, Honda Motor Co., Ltd., China FAW Group Corp., Ltd., Ford Motor Company, Hyundai Motor Corporation, Toyota Motor Corporatio…",https://www.globenewswire.com/news-release/2024/10/29/2970613/0/en/Compact-Pick-Up-Trucks-Market-to-exceed-43-7-Bn-by-2032-Says-Global-Market-Insights-Inc.html,"Selbyville, Delaware, Oct. 29, 2024 (GLOBE NEWSWIRE) -- 
The compact pick-up trucks market valuation is predicted to reach USD 43.7 Billion by 2032, reported in a research report by Global Market In… [+6698 chars]"
2024-10-07 22:53,Financial Post,Bloomberg News,Asian Traders Cautious Ahead of China Reopening: Markets Wrap,"Asian stocks were set for a cautious start after losses in the US, with traders preparing for Chinese markets to reopen following a week-long holiday.",https://financialpost.com/pmn/business-pmn/asian-traders-cautious-ahead-of-china-reopening-markets-wrap,"Asian stocks were set for a cautious start after losses in the US, with traders preparing for Chinese markets to reopen following a week-long holiday.
Author of the article:
9j)}8umtnx1ebd1l3uue{mv… [+10521 chars]"
2024-10-18 09:19,ETF Daily News,MarketBeat News,Contrasting GAN (NASDAQ:GAN) & PodcastOne (NASDAQ:PODC),"PodcastOne (NASDAQ:PODC – Get Free Report) and GAN (NASDAQ:GAN – Get Free Report) are both small-cap computer and technology companies, but which is the superior investment? We will contrast the two companies based on the strength of their risk, earnings, ana…",https://www.etfdailynews.com/2024/10/18/contrasting-gan-nasdaqgan-podcastone-nasdaqpodc/,"PodcastOne (NASDAQ:PODC – Get Free Report) and GAN (NASDAQ:GAN – Get Free Report) are both small-cap computer and technology companies, but which is the superior investment? We will contrast the two … [+4498 chars]"
2024-10-14 23:15,Financial Post,Bloomberg News,Asian Stocks Poised to Track US Gains; Oil Drops: Markets Wrap,"Asian shares are poised to follow the lead of another strong performance on Wall Street, with stocks hitting fresh all-time highs. Oil dropped as concerns eased about Israel attacking Iranian energy facilities.",https://financialpost.com/pmn/business-pmn/asian-stocks-poised-to-track-us-gains-oil-drops-markets-wrap,"Asian shares are poised to follow the lead of another strong performance on Wall Street, with stocks hitting fresh all-time highs. Oil dropped as concerns eased about Israel attacking Iranian energy … [+9728 chars]"
2024-11-04 23:30,Shtfplan.com,Mac Slavo,A “Lockdown Economy” Without The Lockdowns,"When nearly half of all small businesses are struggling so much that they can’t even pay their rent, you have an enormous economic crisis on your hands.  The last time that we witnessed anything like this was during the peak of the COVID pandemic, but here in…",https://www.shtfplan.com/headline-news/a-lockdown-economy-without-the-lockdowns,This article was originally published by Michael Snyder at the Economic Collapse Blog under the title: A Lockdown Economy Without The Lockdowns: 48 Percent Of U.S. Small Businesses Couldnt Even Pay T… [+8917 chars]
2024-10-10 15:54,ETF Daily News,MarketBeat News,Stifel Nicolaus Boosts MasTec (NYSE:MTZ) Price Target to $150.00,"MasTec (NYSE:MTZ – Get Free Report) had its price objective boosted by investment analysts at Stifel Nicolaus from $121.00 to $150.00 in a report issued on Thursday, Benzinga reports. The brokerage presently has a “buy” rating on the construction company’s st…",https://www.etfdailynews.com/2024/10/10/stifel-nicolaus-boosts-mastec-nysemtz-price-target-to-150-00/,"MasTec (NYSE:MTZ – Get Free Report) had its price objective boosted by investment analysts at Stifel Nicolaus from $121.00 to $150.00 in a report issued on Thursday, Benzinga reports. The brokerage p… [+6419 chars]"
2024-10-10 09:40,ETF Daily News,MarketBeat News,MasTec (NYSE:MTZ) PT Raised to $145.00,"MasTec (NYSE:MTZ – Get Free Report) had its target price increased by stock analysts at KeyCorp from $123.00 to $145.00 in a note issued to investors on Tuesday, Benzinga reports. The firm currently has an “overweight” rating on the construction company’s sto…",https://www.etfdailynews.com/2024/10/10/mastec-nysemtz-pt-raised-to-145-00/,"MasTec (NYSE:MTZ – Get Free Report) had its target price increased by stock analysts at KeyCorp from $123.00 to $145.00 in a note issued to investors on Tuesday, Benzinga reports. The firm currently … [+6384 chars]"
2024-10-12 14:23,Financial Post,Bloomberg News,Five Themes for Traders to Watch as Earnings Season Kicks Off,"Earnings season is here, and the US stock market’s furious $9 trillion 2024 rally is facing perhaps its biggest test of the year.",https://financialpost.com/pmn/business-pmn/five-themes-for-traders-to-watch-as-earnings-season-kicks-off-2,"Earnings season is here, and the US stock markets furious $9 trillion 2024 rally is facing perhaps its biggest test of the year.
Author of the article:
4ox()}h3zb3xc6{c4xh]1b2j_media_dl_1.pngCitigr… [+8914 chars]"
2024-10-25 13:07,Financial Post,Financial Times,Tech boom forces U.S. funds to dump shares to avoid tax breach,"Investment funds are forced to sell shares, as the lopsided stock market rally has pushed them up against the strict limits. Read on.",https://financialpost.com/financial-times/tech-boom-us-funds-tax-breach,"Asset managers including Fidelity and T Rowe Price are bumping up against limits on size of large holdings
Author of the article:
The recent market rally has driven the S&amp;P 500 and other indice… [+8035 chars]"
2024-10-11 08:37,Financial Post,The Associated Press,One Tech Tip: Here’s what you need to do before and after your phone is stolen or lost,"LONDON (AP) — Phones hold so much of our digital lives — emails, social media and bank accounts, photos, chat messages and more _ that if they ever get stolen or go missing, it can cause major disruption beyond just the loss of a device. In some places, phone…",https://financialpost.com/pmn/one-tech-tip-heres-what-you-need-to-do-before-and-after-your-phone-is-stolen-or-lost,"Author of the article:
FILE - People look at their phones while waiting to cross an intersection in the rain at the Taikoo Li Sanlitun shopping center in Beijing, July, 30, 2024.Photo by Vincent Thi… [+8590 chars]"
2024-10-09 23:09,Financial Post,Bloomberg News,Asian Stocks to Rally as US Record High Lifts Mood: Markets Wrap,Asian equities were primed to advance on Thursday after US stocks set a fresh high ahead of inflation data that may define Federal Reserve policy easing in the coming months.,https://financialpost.com/pmn/business-pmn/asian-stocks-to-rally-as-us-record-high-lifts-mood-markets-wrap,"Asian equities were primed to advance on Thursday after US stocks set a fresh high ahead of inflation data that may define Federal Reserve policy easing in the coming months.
Author of the article:… [+7801 chars]"
2024-10-28 22:56,Financial Post,Bloomberg News,Asian Stocks Set to Rise With US Election in Focus: Markets Wrap,Most Asian shares were set to follow Wall Street higher as traders prepare for the US election and key economic data that will set the stage for the next Federal Reserve decision. Japan stocks may tread water as traders assess the political outlook.,https://financialpost.com/pmn/business-pmn/asian-stocks-set-to-rise-with-us-election-in-focus-markets-wrap,Most Asian shares were set to follow Wall Street higher as traders prepare for the US election and key economic data that will set the stage for the next Federal Reserve decision. Japan stocks may tr… [+11283 chars]
2024-10-14 18:19,Tom's Hardware UK,Mark Tyson,"Ex-Intel CEO Brian Krzanich gets a new job, igniting a massive backlash — new employer Cerence disables social media comments after blistering criticism","Former Intel CEO Brian Krzanich was recently hired to lead at Cerence Inc., an automotive AI technology company based in Burlington, MA. However, Cerence's celebratory statements concerning its new CEO, shared via social media, have quickly turned sour as com…",https://www.tomshardware.com/tech-industry/ex-intel-ceo-brian-krzanich-gets-a-new-job-igniting-a-massive-backlash-new-employer-cerence-disables-social-media-comments-after-blistering-criticism,"Former Intel CEO Brian Krzanich was recently hired to lead at Cerence Inc., an automotive AI technology company based in Burlington, MA. However, Cerence's celebratory statements about its new CEO, s… [+3192 chars]"
2024-10-15 13:57,Financial Post,Bloomberg News,Goldman traders help fuel firm’s 45% profit jump,Goldman Sachs Group profit soared 45 per cent in the third quarter on a surprise increase in equity-trading revenue. Find out more.,https://financialpost.com/fp-finance/goldman-traders-fuel-firm-jump,"The firms stock traders recorded their best quarter in more than three years
Author of the article:
The Goldman Sachs Group Inc. logo is displayed in the reception area of the One Raffles Link buil… [+7022 chars]"
2024-11-01 08:38,Financial Post,Bloomberg News,Stocks Rise With Payrolls Set to Cap Volatile Week: Markets Wrap,"Stocks rose ahead of Friday’s key US jobs data, at the end of a volatile week in which mixed earnings from tech megacaps had the market on the defensive. Oil gained amid renewed tension in the Middle East.",https://financialpost.com/pmn/business-pmn/stocks-rise-with-payrolls-set-to-cap-volatile-week-markets-wrap,"Stocks rose ahead of Fridays key US jobs data, at the end of a volatile week in which mixed earnings from tech megacaps had the market on the defensive. Oil gained amid renewed tension in the Middle … [+7556 chars]"
2024-10-13 06:25,ETF Daily News,MarketBeat News,Head to Head Survey: hopTo (OTCMKTS:HPTO) vs. Docebo (NASDAQ:DCBO),"hopTo (OTCMKTS:HPTO – Get Free Report) and Docebo (NASDAQ:DCBO – Get Free Report) are both small-cap computer and technology companies, but which is the superior business? We will compare the two businesses based on the strength of their earnings, valuation, …",https://www.etfdailynews.com/2024/10/13/head-to-head-survey-hopto-otcmktshpto-vs-docebo-nasdaqdcbo/,"hopTo (OTCMKTS:HPTO – Get Free Report) and Docebo (NASDAQ:DCBO – Get Free Report) are both small-cap computer and technology companies, but which is the superior business? We will compare the two bus… [+6402 chars]"
2024-10-22 21:36,Financial Post,Business Wire,Real Unveils Real Wallet: Empowering Agents with Exceptional Financial Flexibility,"Unique product offering taps into an agent’s complete earnings picture to provide more financial freedom, while positioning Real at the forefront of merging fintech with real estate TORONTO & NEW YORK — The Real Brokerage Inc. (NASDAQ: REAX), a technology pla…",https://financialpost.com/pmn/business-wire-news-releases-pmn/real-unveils-real-wallet-empowering-agents-with-exceptional-financial-flexibility,"Unique product offering taps into an agents complete earnings picture to provide more financial freedom, while positioning Real at the forefront of merging fintech with real estate
TORONTO &amp; NEW… [+6681 chars]"
2024-10-18 19:23,Financial Post,The Associated Press,Judge delays order in antitrust case requiring Google to open up its app store,SAN FRANCISCO (AP) — A federal judge on Friday delayed an order requiring Google to open up its Android app store to more competition until an appeals court decides whether to block the shake-up because of legal questions surrounding a jury’s verdict that bra…,https://financialpost.com/pmn/judge-delays-order-in-antitrust-case-requiring-google-to-open-up-its-app-store,"Author of the article:
FILE - This Tuesday, July 19, 2016, file photo shows the Google logo at the company's headquarters in Mountain View, Calif.Photo by Marcio Jose Sanchez /THE ASSOCIATED PRESS
… [+6620 chars]"
2024-10-10 13:34,ETF Daily News,MarketBeat News,MasTec (NYSE:MTZ) Price Target Raised to $133.00 at Truist Financial,"MasTec (NYSE:MTZ – Free Report) had its price objective raised by Truist Financial from $112.00 to $133.00 in a research note issued to investors on Wednesday morning, Benzinga reports. The brokerage currently has a hold rating on the construction company’s s…",https://www.etfdailynews.com/2024/10/10/mastec-nysemtz-price-target-raised-to-133-00-at-truist-financial/,"MasTec (NYSE:MTZ – Free Report) had its price objective raised by Truist Financial from $112.00 to $133.00 in a research note issued to investors on Wednesday morning, Benzinga reports. The brokerage… [+5777 chars]"
2024-10-10 12:56,ETF Daily News,MarketBeat News,MasTec (NYSE:MTZ) Price Target Increased to $130.00 by Analysts at The Goldman Sachs Group,"MasTec (NYSE:MTZ – Free Report) had its price objective increased by The Goldman Sachs Group from $115.00 to $130.00 in a report issued on Wednesday, Benzinga reports. They currently have a neutral rating on the construction company’s stock. Several other equ…",https://www.etfdailynews.com/2024/10/10/mastec-nysemtz-price-target-increased-to-130-00-by-analysts-at-the-goldman-sachs-group/,"MasTec (NYSE:MTZ – Free Report) had its price objective increased by The Goldman Sachs Group from $115.00 to $130.00 in a report issued on Wednesday, Benzinga reports. They currently have a neutral r… [+5933 chars]"
2024-10-24 13:18,Food Safety News,News Desk,TreeHouse Foods expands waffle and pancake recall following additional testing,"TreeHouse Foods, Inc. has expanded its frozen waffle recall to include all products manufactured at one facility and still within their shelf-life. The recall is expanded to include frozen toaster waffle, Belgian waffle and pancake products because of potenti…",https://www.foodsafetynews.com/2024/10/treehouse-foods-expands-waffle-and-pancake-recall-following-additional-testing/,"TreeHouse Foods, Inc. has expanded its frozen waffle recall to include all products manufactured at one facility and still within their shelf-life. The recall is expanded to include frozen toaster wa… [+33281 chars]"
2024-10-31 18:14,The Daily Dot,Rebecca Leib,"21 of the best celebrity Halloween costumes, 2024 edition","The stars, they love to dress up, just like the rest of us! Here are 21 of the absolute best celebrity Halloween costumes, artfully pulled off by our favorite A-listers, just in time for the spooky season.


1. Sophie Turner as Trinity from The Matrix


Sophi…",https://www.dailydot.com/memes/best-celebrity-halloween-costumes/,"The stars, they love to dress up, just like the rest of us! Here are 21 of the absolute best celebrity Halloween costumes, artfully pulled off by our favorite A-listers, just in time for the spooky s… [+3458 chars]"
2024-10-27 00:30,The Times of India,ETtech,Bits & Bytes: Meta to face more lawsuits in Japan over fake ads,Meta Platforms is facing potential legal action in Japan due to fraudulent advertisements that falsely used celebrity endorsements to solicit investments.  It is argued that Meta has a responsibility to scrutinize ad content and prevent potentially harmful ad…,https://economictimes.indiatimes.com/tech/technology/bits-bytes-meta-to-face-more-lawsuits-in-japan-over-fake-ads/articleshow/114633410.cms,Meta Platforms will face fresh lawsuits in Japan over advertisements that fraudulently solicited investment funds with fake endorsements from celebrities.Around 30 plaintiffs will seek at least 300 m… [+3024 chars]
2024-10-28 07:03,Financial Post,Business Wire,"Ireland, Home of Halloween","Halloween in Ireland is not like Halloween anywhere else… Why? It’s all about the endurance of traditions that span centuries and connect us with our ancient ancestors. DUBLIN — As the long, dark nights roll in swiftly like the mist that appears on the autumn…",https://financialpost.com/pmn/business-wire-news-releases-pmn/ireland-home-of-halloween,"Author of the article:
Article content
 Sorry, your browser doesn't support embedded videos.
Halloween in Ireland is not like Halloween anywhere else Why? Its all about the endurance of traditions… [+10402 chars]"
2024-11-03 22:48,Theeconomiccollapseblog.com,Michael,A “Lockdown Economy” Without The Lockdowns: 48 Percent Of U.S. Small Businesses Couldn’t Even Pay Their Rent Last Month,"When nearly half of all small businesses are struggling so much that they can’t even pay their rent, you have an enormous economic crisis on your hands.  The last time that we witnessed anything like this was during the peak of the COVID pandemic, but here in…",http://theeconomiccollapseblog.com/a-lockdown-economy-without-the-lockdowns-48-percent-of-u-s-small-businesses-couldnt-even-pay-their-rent-last-month/,"When nearly half of all small businesses are struggling so much that they can’t even pay their rent, you have an enormous economic crisis on your hands.  The last time that we witnessed anything like… [+8743 chars]"
2024-10-09 14:56,Investing.com,Investing.com,Breakout Country Hit Tops Xperi's Lists of Most Listened-To Songs In-Vehicle for Q3 2024,Breakout Country Hit Tops Xperi's Lists of Most Listened-To Songs In-Vehicle for Q3 2024,https://www.investing.com/news/press-releases/breakout-country-hit-tops-xperis-lists-of-most-listenedto-songs-invehicle-for-q3-2024-93CH-3655965,<ul><li>Shaboozey's Bar Song (Tipsy) takes the top spot in U.S. and globally</li><li>Sabrina Carpenter's Espresso continues hot streak in Top Five and #1 in the U.K.</li><li>Post Malone's crossover c… [+7434 chars]
2024-10-15 13:07,Financial Post,Business Wire,Introducing ecobee’s Newest Pro-Exclusive Smart Thermostat: ecobee Smart Thermostat Lite,"Hardwired for reliability and built to last, the ecobee Smart Thermostat Lite is designed with the contractor in mind TORONTO — ecobee, a subsidiary of Generac Power Systems (NYSE: GNRC), today announced the new ecobee Smart Thermostat Lite, available exclusi…",https://financialpost.com/pmn/business-wire-news-releases-pmn/introducing-ecobees-newest-pro-exclusive-smart-thermostat-ecobee-smart-thermostat-lite,"Hardwired for reliability and built to last, the ecobee Smart Thermostat Lite is designed with the contractor in mind
TORONTO ecobee, a subsidiary of Generac Power Systems (NYSE: GNRC), today announ… [+4729 chars]"
2024-10-20 09:27,ETF Daily News,MarketBeat News,Vontobel Holding Ltd. Decreases Stake in Hyatt Hotels Co. (NYSE:H),"Vontobel Holding Ltd. trimmed its holdings in shares of Hyatt Hotels Co. (NYSE:H – Free Report) by 2.2% during the third quarter, according to the company in its most recent Form 13F filing with the Securities & Exchange Commission. The institutional investor…",https://www.etfdailynews.com/2024/10/20/vontobel-holding-ltd-decreases-stake-in-hyatt-hotels-co-nyseh/,"Vontobel Holding Ltd. trimmed its holdings in shares of Hyatt Hotels Co. (NYSE:H – Free Report) by 2.2% during the third quarter, according to the company in its most recent Form 13F filing with the … [+5891 chars]"
2024-10-27 08:47,ETF Daily News,MarketBeat News,Hyatt Hotels Co. (NYSE:H) Shares Purchased by Greenleaf Trust,"Greenleaf Trust grew its holdings in shares of Hyatt Hotels Co. (NYSE:H – Free Report) by 6.6% during the third quarter, according to the company in its most recent Form 13F filing with the Securities and Exchange Commission. The fund owned 1,818 shares of th…",https://www.etfdailynews.com/2024/10/27/hyatt-hotels-co-nyseh-shares-purchased-by-greenleaf-trust/,"Greenleaf Trust grew its holdings in shares of Hyatt Hotels Co. (NYSE:H – Free Report) by 6.6% during the third quarter, according to the company in its most recent Form 13F filing with the Securitie… [+5446 chars]"
2024-10-28 13:49,SiliconANGLE News,Ryan Stevens,On theCUBE Pod: The AI bubble isn’t bursting and IBM’s revenue miss,"It’s been another busy week of events for theCUBE, with full coverage of UiPath Forward and Celosphere 24. The trends emerging out of those events, including around AI production readiness, were big subjects for theCUBE Research industry analysts John Furrier…",https://siliconangle.com/2024/10/28/ai-production-readiness-thecube-analysis-thecubepod/,"Its been another busy week of events for theCUBE, with full coverage of UiPath Forward and Celosphere 24. The trends emerging out of those events, including around AI production readiness, were big s… [+6542 chars]"
2024-10-24 09:24,ETF Daily News,MarketBeat News,Hyatt Hotels (NYSE:H) Price Target Raised to $155.00,"Hyatt Hotels (NYSE:H – Free Report) had its price target boosted by Evercore ISI from $145.00 to $155.00 in a report released on Monday, Benzinga reports. The firm currently has an in-line rating on the stock. H has been the subject of several other research …",https://www.etfdailynews.com/2024/10/24/hyatt-hotels-nyseh-price-target-raised-to-155-00/,"Hyatt Hotels (NYSE:H – Free Report) had its price target boosted by Evercore ISI from $145.00 to $155.00 in a report released on Monday, Benzinga reports. The firm currently has an in-line rating on … [+4927 chars]"
2024-11-03 05:42,ETF Daily News,MarketBeat News,Hyatt Hotels (NYSE:H) Upgraded at Hsbc Global Res,"Hyatt Hotels (NYSE:H – Get Free Report) was upgraded by equities researchers at Hsbc Global Res to a “hold” rating in a report released on Friday, Zacks.com reports. A number of other brokerages have also recently commented on H. Macquarie reduced their price…",https://www.etfdailynews.com/2024/11/03/hyatt-hotels-nyseh-upgraded-at-hsbc-global-res/,"Hyatt Hotels (NYSE:H – Get Free Report) was upgraded by equities researchers at Hsbc Global Res to a “hold” rating in a report released on Friday, Zacks.com reports.
A number of other brokerages hav… [+4997 chars]"
2024-10-16 07:28,ETF Daily News,MarketBeat News,Hyatt Hotels (NYSE:H) PT Raised to $169.00 at Truist Financial,"Hyatt Hotels (NYSE:H – Get Free Report) had its price target increased by equities research analysts at Truist Financial from $164.00 to $169.00 in a research note issued to investors on Monday, Benzinga reports. The firm presently has a “buy” rating on the s…",https://www.etfdailynews.com/2024/10/16/hyatt-hotels-nyseh-pt-raised-to-169-00-at-truist-financial/,"Hyatt Hotels (NYSE:H – Get Free Report) had its price target increased by equities research analysts at Truist Financial from $164.00 to $169.00 in a research note issued to investors on Monday, Benz… [+5309 chars]"
2024-10-26 08:55,ETF Daily News,MarketBeat News,Hyatt Hotels Co. (NYSE:H) Receives Consensus Recommendation of “Hold” from Analysts,"Shares of Hyatt Hotels Co. (NYSE:H – Get Free Report) have been given a consensus recommendation of “Hold” by the nineteen analysts that are covering the company, MarketBeat Ratings reports. Twelve research analysts have rated the stock with a hold recommenda…",https://www.etfdailynews.com/2024/10/26/hyatt-hotels-co-nyseh-receives-consensus-recommendation-of-hold-from-analysts/,"Shares of Hyatt Hotels Co. (NYSE:H – Get Free Report) have been given a consensus recommendation of “Hold” by the nineteen analysts that are covering the company, MarketBeat Ratings reports. Twelve r… [+5166 chars]"
2024-10-29 09:11,ETF Daily News,MarketBeat News,"PFG Investments LLC Has $738,000 Stock Holdings in Hyatt Hotels Co. (NYSE:H)","PFG Investments LLC boosted its stake in Hyatt Hotels Co. (NYSE:H – Free Report) by 1.5% during the 3rd quarter, Holdings Channel.com reports. The institutional investor owned 4,846 shares of the company’s stock after buying an additional 70 shares during the…",https://www.etfdailynews.com/2024/10/29/pfg-investments-llc-has-738000-stock-holdings-in-hyatt-hotels-co-nyseh/,"PFG Investments LLC boosted its stake in Hyatt Hotels Co. (NYSE:H – Free Report) by 1.5% during the 3rd quarter, Holdings Channel.com reports. The institutional investor owned 4,846 shares of the com… [+5537 chars]"
2024-11-05 04:58,Motley Fool Australia,Bronwyn Allen,3 megatrends accessible via the Vanguard MSCI Index International Shares ETF (VGS),"The ASX VGS makes it easy to invest in several global investment megatrends via a single trade. 
The post 3 megatrends accessible via the Vanguard MSCI Index International Shares ETF (VGS) appeared first on The Motley Fool Australia.",https://www.fool.com.au/2024/11/05/3-megatrends-accessible-via-the-vanguard-msci-index-international-shares-etf-vgs/,"The Vanguard MSCI Index International Shares ETF (ASX: VGS) provides handy exposure to several global investment megatrends in a single trade. 
Three of those megatrends are represented in the excha… [+3352 chars]"
2024-10-10 04:19,Business Standard,Bloomberg,"Amazon adds Apple TV+ to US channels store, offering popular shows","Apple will begin selling TV+ subscriptions through Prime later this month, Mike Hopkins, senior vice president of Amazon Prime Video said",https://www.business-standard.com/world-news/amazon-adds-apple-tv-to-us-channels-store-offering-popular-shows-124101000193_1.html,"Apple will begin selling TV+ subscriptions through Prime later this month, Mike Hopkins, senior vice president of Amazon Prime Video said
Apple TV+ was one of the only major streaming services not a… [+2536 chars]"
2024-10-09 22:52,Financial Post,Business Wire,Thunderbird Entertainment Group Reports Fiscal 2024 Results,"The Company exceeds FY 2024 guidance 30% increase in FY 2024 Adjusted EBITDA to $16.7 million Targets 20%+ revenue growth in FY 2025 Conference call and webcast tomorrow, October 10, at 11 a.m. PT/ 2 p.m. ET VANCOUVER, British Columbia — Thunderbird Entertain…",https://financialpost.com/pmn/business-wire-news-releases-pmn/thunderbird-entertainment-group-reports-fiscal-2024-results,"Author of the article:
Article content
The Company exceeds FY 2024 guidance
30% increase in FY 2024 Adjusted EBITDA to $16.7 million
Targets 20%+ revenue growth in FY 2025
Conference call and we… [+33630 chars]"
2024-10-09 11:06,Gadgets360.com,"Leah Nylen, Bloomberg News",US Weighs Google Breakup as Remedy in Historic Antitrust Case,"The US DOJ is weighing a breakup to mitigate the Alphabet business’s dominance in search, the agency said in a court filing on Tuesday. Judge Amit Mehta could also order Google to provide access to the underlying data it uses to build its search results and a…",https://www.gadgets360.com/internet/news/us-google-breakup-remedy-antitrust-case-6751919,"The US Justice Department is considering asking a federal judge to force Google to sell off parts of its business in what would be a historic breakup of one of the world's biggest tech companies. 
A… [+5134 chars]"
2024-10-31 09:00,Gadgets360.com,"Yoolim Lee, Bloomberg",Samsung Rises After Signalling Progress With Nvidia on AI Memory,Samsung Electronics has announced advancements in delivering its cutting-edge AI memory chips to Nvidia providing a measure of confidence to investors concerned about Samsung potentially lagging behind SK Hynix in the fiercely competitive market. The South Ko…,https://www.gadgets360.com/ai/news/samsung-rises-after-signalling-progress-with-nvidia-on-ai-memory-6914368,"Samsung Electronics Co. declared progress in supplying its most advanced AI memory chips to Nvidia Corp., offering some reassurance to investors who fear the company's falling further behind SK Hynix… [+4903 chars]"
2024-10-07 04:09,Financial Post,Bloomberg News,Rio Tinto Makes Approach for $3.3 Billion Arcadium Lithium,"Rio Tinto Group has made an approach for Arcadium Lithium Plc, the two sides said on Monday, confirming the latest takeover proposal in a sector turning its attention back to growth, as major miners scramble to increase their exposure to energy-transition met…",https://financialpost.com/pmn/business-pmn/rio-tinto-makes-approach-for-3-3-billion-arcadium-lithium,"Rio Tinto Group has made an approach for Arcadium Lithium Plc, the two sides said on Monday, confirming the latest takeover proposal in a sector turning its attention back to growth, as major miners … [+7310 chars]"
2024-10-09 00:54,Investing.com,Investing.com,Zoom's chief accounting officer sells over $330k in stock,Zoom's chief accounting officer sells over $330k in stock,https://www.investing.com/news/insider-trading-news/zooms-chief-accounting-officer-sells-over-330k-in-stock-93CH-3654489,"Zoom Video Communications , Inc. (NASDAQ:ZM) has reported a significant stock transaction involving its Chief Accounting Officer, Shane Crehan, according to a recent SEC filing. The executive sold a … [+5487 chars]"
2024-10-29 15:12,Investing.com,Investing.com,Red Dead Redemption hits PC with new features,Red Dead Redemption hits PC with new features,https://www.investing.com/news/company-news/red-dead-redemption-hits-pc-with-new-features-93CH-3688698,"NEW YORK - Rockstar Games, under the Take-Two (NASDAQ:TTWO) Interactive Software, Inc. (NASDAQ: TTWO) umbrella, has released Red Dead Redemption and its expansion Undead Nightmare for PC. This marks … [+5122 chars]"
2024-10-11 10:01,Investing.com,Investing.com,Morgan Stanley cuts Qorvo stock rating to Equalweight,Morgan Stanley cuts Qorvo stock rating to Equalweight,https://www.investing.com/news/company-news/morgan-stanley-cuts-qorvo-stock-rating-to-equalweight-93CH-3659265,"On Friday, Morgan Stanley adjusted its stance on Qorvo Inc (NASDAQ:QRVO), moving from an Overweight to an Equalweight rating and reducing the price target to $120 from the previous $130. The decision… [+3909 chars]"
2024-10-11 18:20,Decrypt,Murtuza Merchant,MicroStrategy Aims to Be ‘Bitcoin Bank’ With Trillion-Dollar Valuation: Michael Saylor,"With nearly $16 billion worth of Bitcoin in the bank, MicroStrategy's Michael Saylor shares big plans ahead for BTC.",https://decrypt.co/285838/microstrategy-bitcoin-bank-trillion-dollar,"MicroStrategy Inc. is positioning itself to transform how capital is preserved and transferred globally, according to a recent report by Bernstein Researchand the companys outspoken co-founder Michae… [+3042 chars]"
2024-10-23 08:50,ETF Daily News,MarketBeat News,MasTec (NYSE:MTZ) Price Target Increased to $150.00 by Analysts at Citigroup,"MasTec (NYSE:MTZ – Free Report) had its target price lifted by Citigroup from $122.00 to $150.00 in a research report released on Tuesday morning, Benzinga reports. They currently have a buy rating on the construction company’s stock. A number of other equiti…",https://www.etfdailynews.com/2024/10/23/mastec-nysemtz-price-target-increased-to-150-00-by-analysts-at-citigroup/,"MasTec (NYSE:MTZ – Free Report) had its target price lifted by Citigroup from $122.00 to $150.00 in a research report released on Tuesday morning, Benzinga reports. They currently have a buy rating o… [+5602 chars]"
2024-10-10 08:49,ETF Daily News,MarketBeat News,MasTec (NYSE:MTZ) Research Coverage Started at JPMorgan Chase & Co.,"JPMorgan Chase & Co. started coverage on shares of MasTec (NYSE:MTZ – Free Report) in a research report released on Monday, MarketBeat Ratings reports. The firm issued an overweight rating and a $153.00 price target on the construction company’s stock. Other …",https://www.etfdailynews.com/2024/10/10/mastec-nysemtz-research-coverage-started-at-jpmorgan-chase-co/,"JPMorgan Chase &amp; Co. started coverage on shares of MasTec (NYSE:MTZ – Free Report) in a research report released on Monday, MarketBeat Ratings reports. The firm issued an overweight rating and a … [+5594 chars]"
2024-10-09 07:27,Investing.com,Investing.com,"Usiminas stock upgraded, Morgan Stanley sees ""untapped gains"" from BF refurbishment","Usiminas stock upgraded, Morgan Stanley sees ""untapped gains"" from BF refurbishment",https://www.investing.com/news/company-news/usiminas-stock-upgraded-morgan-stanley-sees-untapped-gains-from-bf-refurbishment-93CH-3654649,"On Wednesday, Morgan Stanley made a positive adjustment to its rating on Usiminas (USIM5:BZ) (OTC: OTC:USNZY) stock, shifting from an Equalweight to an Overweight stance. This adjustment comes with a… [+4644 chars]"
2024-10-19 11:47,Financial Post,Bloomberg News,Charting the Global Economy: ECB Lowers Rates as Inflation Wanes,The European Central Bank reduced interest rates for the third time this year as a hastier retreat in inflation allows policymakers to offer support to the region’s stuttering economy.,https://financialpost.com/pmn/business-pmn/charting-the-global-economy-ecb-lowers-rates-as-inflation-wanes,"The European Central Bank reduced interest rates for the third time this year as a hastier retreat in inflation allows policymakers to offer support to the regions stuttering economy.
Author of the … [+7494 chars]"
2024-10-08 15:24,Investopedia,Adam Hayes,Should You Buy Apple Stock Before or After a New iPhone is Released?,Regular iPhone releases are important for AAPL shareholders and the company's future prospects.,https://www.investopedia.com/apple-stock-and-new-iphone-release-8722477,"The launch of the iPhone 16 series in September 2024 once again put Apple Inc. (AAPL) in the spotlight. However, the stock had a muted reaction following slower-than-expected sales of the updated rel… [+6410 chars]"
2024-10-30 07:00,Financial Post,GlobeNewswire,Hivello Partners with PKT to Build its Decentralized Media Network,"LONDON and AMSTERDAM, Oct. 30, 2024 (GLOBE NEWSWIRE) — Hivello, a platform dedicated to aggregating DePIN (Decentralized Physical Infrastructure Networks) projects, and PKT, a decentralized media network, are joining forces to power PKT’s media network of the…",https://financialpost.com/globe-newswire/hivello-partners-with-pkt-to-build-its-decentralized-media-network,"Author of the article:
Hivello x PKTGNW
Article content
LONDON and AMSTERDAM, Oct. 30, 2024 (GLOBE NEWSWIRE) Hivello, a platform dedicated to aggregating DePIN (Decentralized Physical Infrastructu… [+7163 chars]"
2024-10-11 01:51,Financial Post,Bloomberg News,"Pressure Amps Up on Infosys, Wipro to Beat High Expectations Amid India Correction Woes","Infosys Ltd., Wipro Ltd. and HCL Technologies Ltd. are up against high expectations as investors increasingly fret over a potential market correction.",https://financialpost.com/pmn/business-pmn/pressure-amps-up-on-infosys-wipro-to-beat-high-expectations-amid-india-correction-woes,"Infosys Ltd., Wipro Ltd. and HCL Technologies Ltd. are up against high expectations as investors increasingly fret over a potential market correction.
Author of the article:
Signage of Infosys Ltd.… [+7119 chars]"
2024-10-10 10:41,Financial Post,Bloomberg News,Coal Expansion Helps Lure Insurers Back to Producer Whitehaven,"Whitehaven Coal Ltd., one of Australia’s largest coal producers, shelved a planned special purpose vehicle originally intended to provide in-house insurance after finding external insurers willing to take on the risk.",https://financialpost.com/pmn/business-pmn/coal-expansion-helps-lure-insurers-back-to-producer-whitehaven,"Whitehaven Coal Ltd., one of Australias largest coal producers, shelved a planned special purpose vehicle originally intended to provide in-house insurance after finding external insurers willing to … [+7238 chars]"
2024-10-22 13:26,Financial Post,Bloomberg News,ASML Chief Sees US Pushing for More China Chip Restrictions,"ASML Holding NV Chief Executive Officer Christophe Fouquet expects pressure will grow from the US to further restrict sales of semiconductor technology to China, the biggest market for the Dutch producer of chipmaking machines.",https://financialpost.com/pmn/business-pmn/asml-chief-sees-us-pushing-for-more-china-chip-restrictions,"ASML Holding NV Chief Executive Officer Christophe Fouquet expects pressure will grow from the US to further restrict sales of semiconductor technology to China, the biggest market for the Dutch prod… [+7378 chars]"
2024-10-17 06:23,ETF Daily News,MarketBeat News,Head to Head Comparison: Complete Solaria (NASDAQ:CSLR) vs. On Track Innovations (OTCMKTS:OTIVF),"Complete Solaria (NASDAQ:CSLR – Get Free Report) and On Track Innovations (OTCMKTS:OTIVF – Get Free Report) are both small-cap oils/energy companies, but which is the better business? We will compare the two companies based on the strength of their valuation,…",https://www.etfdailynews.com/2024/10/17/head-to-head-comparison-complete-solaria-nasdaqcslr-vs-on-track-innovations-otcmktsotivf/,"Complete Solaria (NASDAQ:CSLR – Get Free Report) and On Track Innovations (OTCMKTS:OTIVF – Get Free Report) are both small-cap oils/energy companies, but which is the better business? We will compare… [+5521 chars]"
2024-10-12 12:08,Financial Post,The Associated Press,Changing OpenAI’s nonprofit structure would raise questions about its future,"NEW YORK (AP) — The artificial intelligence maker OpenAI may face a costly and inconvenient reckoning with its nonprofit origins even as its valuation recently exploded to $157 billion. Nonprofit tax experts have been closely watching OpenAI, the maker of Cha…",https://financialpost.com/pmn/changing-openais-nonprofit-structure-would-raise-questions-about-its-future,"Author of the article:
FILE - OpenAI CEO Sam Altman attends an Apple event announcing new products in Cupertino, Calif., June 10, 2024.Photo by Jeff Chiu /THE ASSOCIATED PRESS
Article content
NEW … [+10613 chars]"
2024-10-18 02:51,Financial Post,Bloomberg News,Japan’s Train Lovers Are Snapping Up Shares in a Beloved Metro,Perks that include free tempura toppings and golf are luring retail investors to the country’s biggest initial public offering since 2018.,https://financialpost.com/pmn/business-pmn/japans-train-lovers-are-snapping-up-shares-in-a-beloved-metro,"Perks that include free tempura toppings and golf are luring retail investors to the countrys biggest initial public offering since 2018.
Author of the article:
Passengers board a train operated by… [+10095 chars]"
2024-10-11 18:29,Financial Post,Financial Times,How a break-up of Google could transform tech,The U.S. Department of Justice's attempt to crack open Google's core search business a seminal moment for the tech industry. Find out more.,https://financialpost.com/financial-times/break-up-google-transform-tech,"The U.S. Department of Justice's proposal to shake up the company is a seminal moment for the industry
Author of the article:
A sign at Google headquarters in Mountain View, Calif. is shown on Oct.… [+14943 chars]"
2024-10-24 02:13,Financial Post,Bloomberg News,Billionaire Sex Saga Is Latest Scandal to Rock Australian CEOs,The alleged sex-for-investment scandal embroiling Australian tech billionaire Richard White is just the latest corporate calamity in a country fast losing its reputation as a tightly-regulated market with strict governance standards.,https://financialpost.com/pmn/business-pmn/billionaire-sex-saga-is-latest-scandal-to-rock-australian-ceos,The alleged sex-for-investment scandal embroiling Australian tech billionaire Richard White is just the latest corporate calamity in a country fast losing its reputation as a tightly-regulated market… [+10013 chars]
2024-10-08 10:50,Financial Post,Business Wire,America Speaks: 81% of Consumers Use Voice Tech Daily or Weekly–Is Your Brand Listening?,"58% of consumers say they would be more likely to try a brand that incorporates voice technology in their customer service VANCOUVER, British Columbia — A new survey from TELUS Digital Experience (TELUS Digital) (NYSE and TSX: TIXT), the company dedicated to …",https://financialpost.com/pmn/business-wire-news-releases-pmn/america-speaks-81-of-consumers-use-voice-tech-daily-or-weekly-is-your-brand-listening,"Author of the article:
Article content
 Sorry, your browser doesn't support embedded videos.
58% of consumers say they would be more likely to try a brand that incorporates voice technology in the… [+10802 chars]"
2024-10-10 14:50,Investing.com,Investing.com,Amazon stock keeps buy rating amid supply chain investments,Amazon stock keeps buy rating amid supply chain investments,https://www.investing.com/news/company-news/amazon-stock-keeps-buy-rating-amid-supply-chain-investments-93CH-3658017,"On Thursday, DA Davidson maintained a Buy rating on Amazon.com (NASDAQ:AMZN) shares, with a price target of $235.00, highlighting the company's ongoing investments in its supply chain. Amazon is repo… [+4296 chars]"
2024-10-11 21:44,Investing.com,Investing.com,Nvidia director Mark Stevens sells over $20 million in company stock,Nvidia director Mark Stevens sells over $20 million in company stock,https://www.investing.com/news/insider-trading-news/nvidia-director-mark-stevens-sells-over-20-million-in-company-stock-93CH-3660654,"In a recent transaction, Nvidia Corp (NASDAQ:NVDA) director Mark A. Stevens has sold a significant portion of his holdings in the company. The sale, which took place on October 9, 2024, involved 155,… [+4396 chars]"
2024-10-09 17:48,Investing.com,Investing.com,ResMed CEO sells over $3.4 million in company stock,ResMed CEO sells over $3.4 million in company stock,https://www.investing.com/news/insider-trading-news/resmed-ceo-sells-over-34-million-in-company-stock-93CH-3656293,"ResMed Inc. (NYSE:RMD) CEO Michael J. Farrell has recently sold shares in the company, generating over $3.4 million. On October 7, 2024, Farrell sold 14,683 shares of ResMed common stock at prices ra… [+4256 chars]"
2024-10-30 00:04,Investing.com,Investing.com,Omnipod ® 5 App for iPhone ® Now Fully Available in the United States,Omnipod ® 5 App for iPhone ® Now Fully Available in the United States,https://www.investing.com/news/press-releases/omnipod--5-app-for-iphone--now-fully-available-in-the-united-states-93CH-3689804,<ul><li>Insulet (NASDAQ:PODD) is the first and only company to offer a tubeless automated insulin delivery (AID) system with full control from a compatible iPhone or Android phone</li><li>Provides mo… [+6019 chars]
2024-11-01 09:04,Washington Monthly,Will Norris,Trump Isn’t Even Pretending He Would Fight Corporate Power,"The former president is shamelessly offering plutocrats like Elon Musk political favors for their support—and no longer promising to take on monopolists. 
The post Trump Isn’t Even Pretending He Would Fight Corporate Power appeared first on Washington Monthly.",http://washingtonmonthly.com/2024/11/01/trump-has-stopped-even-pretending-he-would-fight-corporate-power/,"On the campaign trail in 2016, Donald Trump cast himself as a populist taking on the political and corporate establishment. His criticism of corporate mergers and his promises to protect consumers fr… [+12267 chars]"
2024-10-27 22:57,Financial Post,Bloomberg News,Yen Drops as Japan Election Unnerves Investors: Markets Wrap,The yen fell to its weakest level in almost three months after Japan’s ruling coalition failed to win a majority in parliament at the weekend’s election. Crude fell after Israeli strikes on Iran avoided oil facilities.,https://financialpost.com/pmn/business-pmn/yen-drops-as-japan-election-unnerves-investors-markets-wrap,The yen fell to its weakest level in almost three months after Japans ruling coalition failed to win a majority in parliament at the weekends election. Crude fell after Israeli strikes on Iran avoide… [+8486 chars]
2024-11-05 14:00,Steynonline.com,Mark Steyn,Beyond the Margin of Steal,"Donald J Trump has pulled off the most astonishing political comeback in American history. Yeah, sure, Grover Cleveland - but Cleveland wasn't impeached, sued, indicted, arrested, tried, convicted and shot at. It's not simply that the",https://www.steynonline.com/14745/dispatches-from-the-third-world,"Donald J Trump has pulled off the most astonishing political comeback in American history. Yeah, sure, Grover Cleveland - but Cleveland wasn't impeached, sued, indicted, arrested, tried, convicted an… [+14479 chars]"
2024-10-08 02:57,Business Standard,Capital Market,Indices poised for rebound after 6-day fall,GIFT Nifty:,https://www.business-standard.com/markets/capital-market-news/indices-poised-for-rebound-after-6-day-fall-124100800123_1.html,"GIFT Nifty:
The GIFT Nifty October futures contract is currently up 119 points, indicating a potential relief rally for the Nifty 50 following a period of correction over the past six trading sessio… [+2976 chars]"
2024-10-25 21:51,Stockcharts.com,Jayanthi Gopalakrishnan,Election Season: Keep Calm and Optimize Your Portfolio,"Although earnings season is in full swing, trading volume has been relatively light this week. Perhaps investors are waiting for the stock market to show some direction. It could happen next week, one that's jampacked with earnings and market-moving economic …",https://stockcharts.com/articles/chartwatchers/2024/10/election-season-keep-calm-and-91.html,<ul><li>Tech stocks gained some ground this week after better-than-expected earnings from Tesla.</li><li>US Treasury yields continue to rise.</li><li>Bullish momentum keeps gold prices rising higher.… [+5634 chars]
2024-10-21 20:29,Financial Post,Bloomberg News,Why Hedge Funds Are Betting Against the Green Economy,"Today on the Big Take podcast: Green stocks were all the rage. Now, investor enthusiasm seems to be waning. What happened?",https://financialpost.com/pmn/business-pmn/why-hedge-funds-are-betting-against-the-green-economy,"Today on the Big Take podcast: Green stocks were all the rage. Now, investor enthusiasm seems to be waning. What happened?
Author of the article:
The Altamont Pass wind farm outside Tracy, Californ… [+14628 chars]"
2024-10-21 05:10,Financial Post,Bloomberg News,How Russia’s Spies Hacked the Entire Nation of Georgia,"With an election this week, documents seen by Bloomberg expose the extent of Moscow’s infiltration of the former Soviet state.",https://financialpost.com/pmn/business-pmn/how-russias-spies-hacked-the-entire-nation-of-georgia,"With an election this week, documents seen by Bloomberg expose the extent of Moscows infiltration of the former Soviet state.
Author of the article:
3(v(61dhr5w98vq1z7e4lue4_media_dl_1.pngBloomberg… [+13743 chars]"
2024-11-04 15:49,Cisa.gov,CISA,"Vulnerability Summary for the Week of October 28, 2024","High Vulnerabilities

<table>

<tr>
<th>PrimaryVendor -- Product</th>
<th>Description</th>
<th>Published</th>
<th>CVSS Score</th>
<th>Source Info</th>
<th>Patch Info</th>
</tr>



<tr>
<td>acnoo -- flutter_api </td>
<td>Authentication Bypass Using an Altern…",https://www.cisa.gov/news-events/bulletins/sb24-309,"The CISA Vulnerability Bulletin provides a summary of new vulnerabilities that have been recorded in the past week. In some cases, the vulnerabilities in the bulletin may not yet have assigned CVSS s… [+899 chars]"
2024-10-09 13:24,Financial Post,Bloomberg News,"Against the Odds, London Pubs Have Become the City’s Top Tables","Great, and varied, food and drink offerings make business viable in a way that traditional pubs are not.",https://financialpost.com/pmn/business-pmn/against-the-odds-london-pubs-have-become-the-citys-top-tables,"Great, and varied, food and drink offerings make business viable in a way that traditional pubs are not.
Author of the article:
Article content
(Bloomberg) UK pubs are in a well-documented crisis,… [+11642 chars]"
2024-10-28 09:22,Financial Post,Bloomberg News,Filling in the Blanks on Kamala Harris’ Climate Agenda,"Climate hawks are putting forward plans to accelerate clean technologies and impede fossil fuels, pushing beyond President Biden's legacy.",https://financialpost.com/pmn/business-pmn/filling-in-the-blanks-on-kamala-harris-climate-agenda,"Climate hawks are putting forward plans to accelerate clean technologies and impede fossil fuels, pushing beyond President Biden's legacy.
Author of the article:
uc7wy2axiff0fd12bianff64_media_dl_1… [+12078 chars]"
2024-10-10 01:07,The Times of India,Reuters,Asian equities climb as US record high lifts mood,"Shares in Japan, South Korea and Australia climbed while Hong Kong equity futures also rose. An index of US-listed Chinese companies fell in New York trading, following the biggest drop in more than four years for mainland China’s benchmark index on Wednesday.",https://economictimes.indiatimes.com/markets/stocks/news/asian-equities-climb-as-us-record-high-lifts-mood/articleshow/114101000.cms,"Asian equities rose Thursday after US stocks set a fresh high ahead of inflation data that may define Federal Reserve policy easing in the coming months.Shares in Japan, South Korea and Australia cli… [+4146 chars]"
2024-11-01 21:28,CNBC,,"Nvidia to join Dow Jones Industrial Average, replacing Intel",,https://www.cnbc.com/2024/11/01/nvidia-to-join-dow-jones-industrial-average-replacing-intel.html,"Nvidia is replacing Intel on the Dow Jones Industrial Average, a shakeup to the blue-chip index that replaces a flagging semiconductor company with the primary vendor of GPUs for AI. 
Intel shares w… [+1700 chars]"
2024-10-16 14:29,Techtarget.com,Adam Armstrong,"Intel, AMD form x86 group in effort to combat Arm",Intel and AMD are joining forces to retain market share and  create seamless interoperability across hardware and software platforms.,https://www.techtarget.com/searchdatacenter/news/366613916/Intel-AMD-form-x86-group-in-effort-to-combat-Arm,"Intel and AMD formed an x86 advisory group to improve interoperability and stave off future market share loss to Arm processors.
The x86 Ecosystem Advisory Group aims to unite hardware and software … [+5038 chars]"
2024-10-28 14:00,Plos.org,"Lynne M. Z. Lafave, Nadine Van Wyk, Alexis D. Webster, Joyce Hayek, Mark R. Lafave","Validity and reliability of a physical literacy knowledge, attitudes, self-efficacy and behaviors questionnaire for early childhood educators (PLKASB-ECE): An exploratory factor analysis","Background Nurturing physical literacy in young children offers a unique opportunity to address global physical inactivity trend. Early childhood education and care (ECEC) environments, with their extensive reach into this age group, and early childhood educa…",https://journals.plos.org/plosone/article?id=10.1371/journal.pone.0312736,"Abstract
Background
Nurturing physical literacy in young children offers a unique opportunity to address global physical inactivity trend. Early childhood education and care (ECEC) environments, wi… [+62042 chars]"
2024-10-10 16:36,Business Standard,Bloomberg,Google now faces painful reckoning in US after EU as antitrust cases rev up,"Google criticized the Justice Department's initial proposal as ""radical,"" saying it would have ""significant unintended consequences for consumers and businesses",https://www.business-standard.com/world-news/google-now-faces-painful-reckoning-in-us-after-eu-as-antitrust-cases-rev-up-124101001302_1.html,"Google criticized the Justice Department's initial proposal as ""radical,"" saying it would have ""significant unintended consequences for consumers and businesses
google, google logo(Photo: Shuttersto… [+5232 chars]"
2024-10-08 04:05,Business Standard,Capital Market,Barometers edge higher; breadth positive,"At 09:28 IST, the barometer index, the S&P BSE Sensex rose 112.26 points or 0.14% to 81,162.26. The Nifty 50 index added 19.80 points or 0.08% to 24,815.55.",https://www.business-standard.com/markets/capital-market-news/barometers-edge-higher-breadth-positive-124100800174_1.html,"The key equity indices traded with minor gains in early trade. The Nifty traded above the 24,800 level. Media, bank and financial services shares advanced while metal, IT and auto stocks declined.
A… [+3950 chars]"
2024-10-08 08:02,Business Standard,Capital Market,Sensex adds 475 pts; European mkt opens lower,"At 13:30 IST, the barometer index, the S&P BSE Sensex was up 475.79 points or 0.59% to 81,525.79. The Nifty 50 index added 165.70 points or 0.67% to 24,966.35.",https://www.business-standard.com/markets/capital-market-news/sensex-adds-475-pts-european-mkt-opens-lower-124100800522_1.html,"The key equity benchmarks traded with substantial gains in afternoon trade. The Nifty traded above the 24,950 mark after hitting days low of 24,756.80 in morning trade. Barring the Nifty metal index,… [+4388 chars]"
2024-10-11 15:00,Anime News Network,,This Week in Games - The Ninja Engine Alarm Column,"This week is packed with live-action movies, alarm clocks to get you waking up to the soothing sounds of Breath of the Wild, and a brand-new game engine!",https://www.animenewsnetwork.com/this-week-in-games/2024-10-11/the-ninja-engine-alarm-column/.216416,"Welcome back, folks! October is in full swing, bringing with it Inktober, the yearly month-long hashtag where artists try to produce a single-inked drawing every day. One of my favorite artists made … [+20216 chars]"
2024-11-03 23:26,Activistpost.com,Activist Post,A “Lockdown Economy” Without The Lockdowns: 48 Percent Of U.S. Small Businesses Couldn’t Even Pay Their Rent Last Month,"By Michael Snyder When nearly half of all small businesses are struggling so much that they can’t even pay their rent, you have an enormous...
A “Lockdown Economy” Without The Lockdowns: 48 Percent Of U.S. Small Businesses Couldn’t Even Pay Their Rent Last Mo…",https://activistpost.com/2024/11/a-lockdown-economy-without-the-lockdowns-48-percent-of-u-s-small-businesses-couldnt-even-pay-their-rent-last-month.html,"By Michael Snyder
When nearly half of all small businesses are struggling so much that they cant even pay their rent, you have an enormous economic crisis on your hands.  The last time that we witne… [+9027 chars]"
2024-10-27 22:59,Laravel News,Laravel News,Creating a CLI Application With Laravel and Docker,"Laravel provides a robust CLI framework built on top of the popular Symfony Console component, which brings the best features of Laravel to the command line. While Laravel is traditionally used to create web applications, some applications need robust CLI com…",https://laravel-news.com/creating-a-cli-app-with-laravel-and-docker,"Laravel provides a robust CLI framework built on top of the popular Symfony Console component, which brings the best features of Laravel to the command line. While Laravel is traditionally used to cr… [+9697 chars]"
2024-10-16 13:11,[Removed],,[Removed],[Removed],https://removed.com,[Removed]
2024-10-28 23:01,Financial Post,Bloomberg News,The Trump Trade: Why Wall Street Is Betting on a Trump Win,Today on the Big Take podcast: Most major polls show Kamala Harris and Donald Trump in a toss-up. But markets seem convinced Trump will win.,https://financialpost.com/pmn/business-pmn/the-trump-trade-why-wall-street-is-betting-on-a-trump-win,"Today on the Big Take podcast: Most major polls show Kamala Harris and Donald Trump in a toss-up. But markets seem convinced Trump will win.
Author of the article:
Donald Trump during a campaign ev… [+16612 chars]"
2024-10-30 09:24,Financial Post,Bloomberg News,The US Pledged to Rein in China’s Tech Ambitions. It’s Struggling,"On today’s Big Take Asia podcast, how China has made key technological advances despite the US’s effort to curb it.",https://financialpost.com/pmn/business-pmn/the-us-pledged-to-rein-in-chinas-tech-ambitions-its-struggling,"On todays Big Take Asia podcast, how China has made key technological advances despite the USs effort to curb it.
Author of the article:
An employee inspect integrated circuit boards at the Smart P… [+16345 chars]"
2024-10-09 22:56,Investing.com,Investing.com,Thunderbird Entertainment Group Reports Fiscal 2024 Results,Thunderbird Entertainment Group Reports Fiscal 2024 Results,https://www.investing.com/news/press-releases/thunderbird-entertainment-group-reports-fiscal-2024-results-93CH-3656723,"The Company exceeds FY 2024 guidance
30% increase in FY 2024 Adjusted EBITDA to $16.7 million
Targets 20%+ revenue growth in FY 2025
Conference call and webcast tomorrow, October 10, at 11 a.m. PT… [+30625 chars]"
2024-10-23 10:22,Financial Post,Bloomberg News,How China’s BYD Became King of Affordable EVs,"On today’s Big Take Asia podcast, how BYD became a top seller of affordable EVs and whether heavy tariffs from the West could slow it down.",https://financialpost.com/pmn/business-pmn/how-chinas-byd-became-king-of-affordable-evs,"On todays Big Take Asia podcast, how BYD became a top seller of affordable EVs and whether heavy tariffs from the West could slow it down.
Author of the article:
Workers assemble a BYD Co. Dolphin … [+18173 chars]"
2024-10-08 10:31,Business Standard,Capital Market,"Indices snap 6-day losing streak; Nifty settles above 25,000; VIX slides 3.26%","As per provisional closing data, the barometer index, the S&P BSE Sensex rose 584.81 points or 0.72% to 81,634.81. The Nifty 50 index added 217.40 points or 0.88% to 25,013.15.",https://www.business-standard.com/markets/capital-market-news/indices-snap-6-day-losing-streak-nifty-settles-above-25-000-vix-slides-3-26-124100800802_1.html,"The key equity benchmarks ended with substantial gains on Tuesday, snapping its six days losing streak. The Nifty settled above the 25,000 level after hitting the days low of 24,756.80 in morning tra… [+6895 chars]"
2024-10-11 01:16,BusinessLine,Team BL,"Share Market Highlights: Sensex falls 230 points, Nifty slips amid foreign outflows and geopolitical tensions","Sensex, Nifty updates on 11 October 2024: The Sensex fell 230.05 points, or 0.28%, closing at 81,381.36, while the Nifty 50 ended down 34.20 points, or 0.14%, at 24,964.25. The market was weighed down by foreign outflows, concerns over moderating earnings, ge…",https://www.thehindubusinessline.com/markets/stock-market-highlights-11-october-2024/article68742161.ece,"<li></li>
October 11, 2024 15:44Currency market updates: Rupee declines 9 paise to 84.07 (provisional) against US dollar.
<li></li>
October 11, 2024 15:39Stock market live today: DSJ Keep Learning… [+41651 chars]"
2024-11-02 18:30,Richmond.com,"By Nathaniel Meyersohn, CNN",Soda is making a comeback,"Consumers are turning away from pricier Starbucks coffee, McDonald’s Big Mac meals, Doritos, Monster energy drinks and Heineken. But they can’t stop guzzling Coke and Dr Pepper.",https://richmond.com/news/nation-world/business/dirty-soda-coke-zero-dr-pepper-increase-sales/article_cb809408-8ddc-55db-b0a7-33a792e93a64.html,"NEW YORK  Consumers are turning away from pricier Starbucks coffee, McDonalds Big Mac meals, Doritos chips, Monster energy drinks and Heineken beer. But they cant stop guzzling Coke and Dr Pepper.
B… [+16502 chars]"
2024-10-08 12:08,Business Standard,Capital Market,"Markets rally as BJP wins Haryana; Nifty crosses 25,000, metal stocks drag","The domestic equity market bounced back sharply on Tuesday, ending a six-day losing streak. The positive sentiment was driven by the BJP's strong performance in Haryana's state elections, defying exit poll predictions. The Nifty50 surged past the 25,000 mark,…",https://www.business-standard.com/markets/capital-market-news/markets-rally-as-bjp-wins-haryana-nifty-crosses-25-000-metal-stocks-drag-124100800962_1.html,"The domestic equity market bounced back sharply on Tuesday, ending a six-day losing streak. The positive sentiment was driven by the BJP's strong performance in Haryana's state elections, defying exi… [+8260 chars]"
2024-11-02 18:30,Roanoke Times,"By Nathaniel Meyersohn, CNN",Soda is making a comeback,"Consumers are turning away from pricier Starbucks coffee, McDonald’s Big Mac meals, Doritos, Monster energy drinks and Heineken. But they can’t stop guzzling Coke and Dr Pepper.",https://roanoke.com/news/nation-world/business/dirty-soda-coke-zero-dr-pepper-increase-sales/article_ae959088-361e-55f8-89a6-9159e78d63de.html,"NEW YORK  Consumers are turning away from pricier Starbucks coffee, McDonalds Big Mac meals, Doritos chips, Monster energy drinks and Heineken beer. But they cant stop guzzling Coke and Dr Pepper.
B… [+16603 chars]"
2024-10-19 10:33,SiliconANGLE News,Dave Vellante,Dave Vellante’s Breaking Analysis: The complete collection,"Breaking Analysis is a weekly editorial program combining knowledge from SiliconANGLE’s theCUBE with spending data from Enterprise Technology Research. Branded as theCUBE Insights, Powered by ETR, the program is our opportunity to share independent, unfiltere…",https://siliconangle.com/2024/10/19/dave-vellantes-breaking-analysis-complete-collection/,"Breaking Analysis is a weekly editorial program combining knowledge from SiliconANGLEs theCUBE with spending data from Enterprise Technology Research.
Branded as theCUBE Insights, Powered by ETR, th… [+182839 chars]"
